UNUSED	function	xtrax.distributed.init.init_dist
UNUSED	function	xtrax.distributed.init.is_distributed
UNUSED	class	xtrax.distributed.sharding.ShardingPolicy
UNUSED	function	xtrax.distributed.sharding.get_device_mesh
UNUSED	function	xtrax.distributed.sharding.get_hardware_mesh_profile
UNUSED	function	xtrax.inference.abstract.build_abstract_inputs
UNUSED	function	xtrax.inference.api.infer_bundle
UNUSED	function	xtrax.inference.axes.resolve_axis_role
UNUSED	function	xtrax.inference.axes.synthesize_axes
UNUSED	class	xtrax.inference.config.AxisOverride
UNUSED	function	xtrax.inference.config.axis_config
UNUSED	function	xtrax.inference.config.get_axis_config
UNUSED	class	xtrax.inference.cse.CseDuplicateClass
UNUSED	class	xtrax.inference.cse.CseReport
UNUSED	function	xtrax.inference.cse.analyze_cse
UNUSED	class	xtrax.inference.errors.CseTraceError
UNUSED	class	xtrax.inference.errors.MemoDonationError
UNUSED	class	xtrax.inference.errors.MemoImpurityError
UNUSED	class	xtrax.inference.errors.MemoKeyUnsupportedLeafError
UNUSED	class	xtrax.inference.errors.MemoMultiDeviceError
UNUSED	class	xtrax.inference.errors.MemoStalenessError
UNUSED	class	xtrax.inference.errors.StructureMismatchError
UNUSED	class	xtrax.inference.errors.XtraxInferenceError
UNUSED	function	xtrax.inference.ir_schema.emit_ir_schema
UNUSED	class	xtrax.inference.memo.MemoPolicy
UNUSED	function	xtrax.inference.memo.memoize_jaxpr
UNUSED	class	xtrax.inference.schema.BundleSchema
UNUSED	function	xtrax.inference.schema.extract_schema
UNUSED	function	xtrax.inference.verify.verify_structure
UNUSED	class	xtrax.sparse.config.SparseConfig
UNUSED	function	xtrax.sparse.inference.assert_not_tracing
UNUSED	function	xtrax.sparse.inference.make_sparse_forward_fn
UNUSED	function	xtrax.sparse.inference.sparse_filter_jit
UNUSED	function	xtrax.sparse.inference.sparsify_model
UNUSED	class	xtrax.sparse.manager.SparseMaskManager
UNUSED	class	xtrax.sparse.policy.SparsePolicy
SRC	class	xtrax.stages.boundaries.AxisBoundary
SRC	class	xtrax.stages.boundaries.Fuse
SRC	class	xtrax.stages.boundaries.Sink
SRC	class	xtrax.stages.boundaries.Tap
UNUSED	class	xtrax.stages.bundle.StageBundle
UNUSED	class	xtrax.stages.evaluate.EvaluateFn
UNUSED	class	xtrax.stages.evaluate.EvaluatorAlreadySealedError
UNUSED	class	xtrax.stages.evaluate.SealedEvaluatorRegistry
UNUSED	function	xtrax.stages.evaluate.get_sealed_evaluator
UNUSED	function	xtrax.stages.evaluate.seal_evaluator
UNUSED	class	xtrax.stages.executor.ExecutorError
UNUSED	function	xtrax.stages.executor.execute_map_axis
UNUSED	function	xtrax.stages.executor.execute_scan_axis
UNUSED	class	xtrax.stages.protocols.RollingFn
UNUSED	class	xtrax.stages.protocols.TransformFn
UNUSED	class	xtrax.stages.topology.AxisBoundaryLike
UNUSED	class	xtrax.stages.topology.AxisDecisionLike
UNUSED	class	xtrax.stages.topology.AxisSpecLike
UNUSED	class	xtrax.stages.topology.MaterializeFuseConflictError
UNUSED	class	xtrax.stages.topology.MaterializeWithoutSinkError
UNUSED	class	xtrax.stages.topology.MultipleMaterializeAxesError
SRC	class	xtrax.stages.topology.PlanTopologyError
UNUSED	function	xtrax.stages.topology.axis_boundaries_by_name
SRC	function	xtrax.stages.topology.validate_plan_topology
UNUSED	class	xtrax.tiling._plan_wrapper._BatchPlanWrapper
UNUSED	function	xtrax.tiling.bucket.bucketize
SRC	function	xtrax.tiling.bucket.select_bucket
SRC	class	xtrax.tiling.budget.BudgetInfeasibleError
SRC	class	xtrax.tiling.budget.MemoryBudget
SRC	class	xtrax.tiling.carry.CarrySpec
SRC	class	xtrax.tiling.carry_shape.CarryShape
SRC	class	xtrax.tiling.dedup.DedupSpec
TESTS/SCRIPTS	function	xtrax.tiling.dedup.get_k_bucket
UNUSED	function	xtrax.tiling.dedup.validate_dedup_carry_names
UNUSED	class	xtrax.tiling.dedup_synthesis.DedupOutputEquivalenceResult
UNUSED	class	xtrax.tiling.dedup_synthesis.DedupOutputMismatchError
UNUSED	class	xtrax.tiling.dedup_synthesis.DedupSpecCollisionError
UNUSED	class	xtrax.tiling.dedup_synthesis.DedupSpecVerificationError
UNUSED	class	xtrax.tiling.dedup_synthesis.DedupSynthesisCollisionError
UNUSED	class	xtrax.tiling.dedup_synthesis.DedupSynthesisResult
UNUSED	class	xtrax.tiling.dedup_synthesis.DedupSynthesisUnsupportedError
UNUSED	class	xtrax.tiling.dedup_synthesis.DedupVerificationResult
UNUSED	function	xtrax.tiling.dedup_synthesis.merge_dedup_specs
UNUSED	function	xtrax.tiling.dedup_synthesis.synthesize_dedup_spec
UNUSED	function	xtrax.tiling.dedup_synthesis.verify_dedup_outputs
UNUSED	function	xtrax.tiling.dedup_synthesis.verify_dedup_spec
SRC	class	xtrax.tiling.dispatch.DispatchRejected
UNUSED	function	xtrax.tiling.dispatch.axis_dispatch
SRC	function	xtrax.tiling.dispatch.make_axis_dispatch
UNUSED	function	xtrax.tiling.estimators.device_memory_budget
SRC	function	xtrax.tiling.estimators.lowered_memory_estimate
UNUSED	class	xtrax.tiling.iterator.BucketIterator
UNUSED	class	xtrax.tiling.iterator.ChunkedMapIterator
SRC	class	xtrax.tiling.iterator.JaxScanIterator
SRC	class	xtrax.tiling.iterator.MapIterator
SRC	class	xtrax.tiling.iterator.ScanIterator
SRC	class	xtrax.tiling.iterator.VmapIterator
UNUSED	class	xtrax.tiling.iterator.WhileLoopIterator
SRC	class	xtrax.tiling.plan.AxisDecision
SRC	class	xtrax.tiling.plan.AxisSpec
SRC	class	xtrax.tiling.plan.BatchPlan
SRC	class	xtrax.tiling.plan.BatchPlanner
UNUSED	class	xtrax.tiling.roles.AmbiguousAxisError
UNUSED	class	xtrax.tiling.roles.AxisRole
TESTS/SCRIPTS	class	xtrax.tiling.strategy.Bucket
SRC	class	xtrax.tiling.strategy.ChunkedMap
UNUSED	class	xtrax.tiling.strategy.DedupFn
UNUSED	class	xtrax.tiling.strategy.DedupGather
UNUSED	class	xtrax.tiling.strategy.GatherFn
SRC	class	xtrax.tiling.strategy.Scan
UNUSED	class	xtrax.tiling.strategy.ScanTransition
SRC	class	xtrax.tiling.strategy.Vmap
UNUSED	class	xtrax.tiling.strategy.WhileBodyFn
UNUSED	class	xtrax.tiling.strategy.WhileCarry
UNUSED	class	xtrax.tiling.strategy.WhileCondFn
UNUSED	function	xtrax.tiling.strategy.fixed_step_count_cond
UNUSED	constant	xtrax.transforms.map.T
UNUSED	function	xtrax.transforms.map.chunked_map
UNUSED	function	xtrax.transforms.scan.safe_scan
