UNUSED	function	xtrax.cli.main
UNUSED	constant	xtrax.cli.config.CURRENT_SCHEMA_VERSION
UNUSED	class	xtrax.cli.config.ConfigError
UNUSED	class	xtrax.cli.config.TrainConfig
UNUSED	function	xtrax.cli.config.load_config
UNUSED	function	xtrax.cli.emit.emit
UNUSED	function	xtrax.cli.entrypoint.main
UNUSED	class	xtrax.cli.errors.CLIError
UNUSED	class	xtrax.cli.errors.CLIImportError
UNUSED	class	xtrax.cli.errors.ResumeError
UNUSED	class	xtrax.cli.errors.ShapeParseError
UNUSED	class	xtrax.cli.explain.ExplainArgs
UNUSED	function	xtrax.cli.explain.run_explain
UNUSED	class	xtrax.cli.export.ExportArgs
UNUSED	function	xtrax.cli.export.run_export
UNUSED	constant	xtrax.cli.graph_author_verb.AUTHOR_ENVELOPE_SCHEMA_VERSION
UNUSED	class	xtrax.cli.graph_author_verb.GraphAuthorArgs
UNUSED	function	xtrax.cli.graph_author_verb.run_graph_author
UNUSED	class	xtrax.cli.graph_plan_verb.GraphPlanArgs
UNUSED	function	xtrax.cli.graph_plan_verb.run_graph_plan
UNUSED	class	xtrax.cli.graph_verb.GraphValidateArgs
UNUSED	constant	xtrax.cli.graph_verb.VALIDATE_ENVELOPE_SCHEMA_VERSION
UNUSED	function	xtrax.cli.graph_verb.run_graph_validate
UNUSED	function	xtrax.cli.hash.config_hash
UNUSED	class	xtrax.cli.ledger_verb.LedgerArgs
UNUSED	function	xtrax.cli.ledger_verb.run_ledger
UNUSED	function	xtrax.cli.loader.load_fn
UNUSED	function	xtrax.cli.manifest.read_manifest
UNUSED	function	xtrax.cli.manifest.write_manifest
UNUSED	function	xtrax.cli.manifest.write_manifest_dict
UNUSED	class	xtrax.cli.plan.PlanArgs
UNUSED	function	xtrax.cli.plan.plan_from_fn
UNUSED	function	xtrax.cli.plan.print_plan_summary
UNUSED	function	xtrax.cli.plan.run_plan
UNUSED	constant	xtrax.cli.registry.REGISTRY
UNUSED	class	xtrax.cli.resolve.ResolvedComponents
UNUSED	function	xtrax.cli.resolve.resolve_components
UNUSED	class	xtrax.cli.resume_verb.ResumeArgs
UNUSED	function	xtrax.cli.resume_verb.run_resume
UNUSED	function	xtrax.cli.run.generate_run_id
UNUSED	function	xtrax.cli.run.run_from_config
UNUSED	class	xtrax.cli.run_verb.RunArgs
UNUSED	function	xtrax.cli.run_verb.run_run
UNUSED	function	xtrax.cli.shapes.parse_shapes
UNUSED	class	xtrax.cli.sweep_verb.SweepArgs
UNUSED	function	xtrax.cli.sweep_verb.run_sweep
UNUSED	class	xtrax.composition.author.Generator
UNUSED	class	xtrax.composition.author.TemplateGenerator
UNUSED	class	xtrax.composition.errors.FrozenNodeError
UNUSED	class	xtrax.composition.errors.GraphConstructionError
UNUSED	class	xtrax.composition.errors.GraphSerializationError
UNUSED	class	xtrax.composition.errors.SchemaVersionError
UNUSED	class	xtrax.composition.graph.GraphEdge
UNUSED	class	xtrax.composition.graph.HostPrepGraph
UNUSED	class	xtrax.composition.graph.HostPrepGraphNode
UNUSED	constant	xtrax.composition.node_metadata.KNOWN_SLOT_TYPES
UNUSED	class	xtrax.composition.node_metadata.NodeMetadataSchema
UNUSED	constant	xtrax.composition.node_metadata.SEMVER_RE
UNUSED	class	xtrax.composition.node_metadata.SlotDefinition
UNUSED	function	xtrax.composition.node_metadata.load_node_metadata_schema
UNUSED	function	xtrax.composition.node_metadata.validate_node_metadata
UNUSED	constant	xtrax.composition.serialize.GRAPH_SCHEMA_VERSION
UNUSED	constant	xtrax.composition.serialize.MIN_SUPPORTED_GRAPH_SCHEMA_VERSION
UNUSED	function	xtrax.composition.serialize.deserialize_graph
UNUSED	function	xtrax.composition.serialize.deserialize_node
UNUSED	function	xtrax.composition.serialize.dump_graph
UNUSED	function	xtrax.composition.serialize.load_graph
UNUSED	function	xtrax.composition.serialize.serialize_graph
UNUSED	function	xtrax.composition.serialize.serialize_node
UNUSED	constant	xtrax.composition.validate.FAIL
UNUSED	class	xtrax.composition.validate.GraphValidationResult
UNUSED	constant	xtrax.composition.validate.NEEDS_WORK
UNUSED	class	xtrax.composition.validate.NodeCheckFailure
UNUSED	constant	xtrax.composition.validate.PASS
UNUSED	function	xtrax.composition.validate.validate_graph
UNUSED	function	xtrax.eda.plan_to_dataframe
UNUSED	function	xtrax.eda.render
SRC	function	xtrax.eda.explain.explain_plan
UNUSED	function	xtrax.eda.export.plan_to_dataframe
TESTS/SCRIPTS	function	xtrax.eda.stats.analyze_bucket
UNUSED	function	xtrax.eda.stats.analyze_dedup
SRC	function	xtrax.eda.stats.extract_plan_stats
UNUSED	class	xtrax.eda.types.AxisDecisionLike
UNUSED	class	xtrax.eda.types.AxisSpecLike
UNUSED	class	xtrax.eda.types.AxisStatsEntry
UNUSED	class	xtrax.eda.types.BatchPlanLike
UNUSED	class	xtrax.eda.types.BucketLike
UNUSED	class	xtrax.eda.types.BucketStatsEntry
UNUSED	class	xtrax.eda.types.DedupGatherLike
UNUSED	class	xtrax.eda.types.DedupStatsEntry
UNUSED	class	xtrax.eda.types.PlanLogger
UNUSED	class	xtrax.eda.types.PlanStatsDict
UNUSED	function	xtrax.eda.viz.render
UNUSED	class	xtrax.export.compile.CompileError
UNUSED	class	xtrax.export.compile.CompileResult
TESTS/SCRIPTS	function	xtrax.export.compile.compile_for_target
TESTS/SCRIPTS	function	xtrax.export.compile.run_native_vmfb
UNUSED	class	xtrax.export.composer.ComposerError
UNUSED	class	xtrax.export.composer.MultiAxisCompositionError
UNUSED	class	xtrax.export.composer.UnsupportedStrategyError
UNUSED	function	xtrax.export.composer.build_traceable_callable
UNUSED	function	xtrax.export.composer.compose_single_axis
UNUSED	function	xtrax.export.composer.compose_vmap_of_scan
UNUSED	class	xtrax.export.divergence.DivergenceClass
UNUSED	class	xtrax.export.divergence.LeafDivergence
UNUSED	class	xtrax.export.divergence.MissingBudgetError
UNUSED	class	xtrax.export.divergence.ProbeDependencyError
UNUSED	class	xtrax.export.divergence.ProbeReport
UNUSED	class	xtrax.export.divergence.ProbeResolution
UNUSED	class	xtrax.export.divergence.ProbeStructureError
UNUSED	class	xtrax.export.divergence.RingResult
UNUSED	constant	xtrax.export.divergence.SLACK
UNUSED	class	xtrax.export.divergence.Severity
UNUSED	constant	xtrax.export.divergence.ULP_FLOOR
UNUSED	function	xtrax.export.divergence.budget_key
UNUSED	function	xtrax.export.divergence.budget_leaf
UNUSED	function	xtrax.export.divergence.classify_probes
UNUSED	function	xtrax.export.divergence.compare_pytree
UNUSED	function	xtrax.export.divergence.probe_resolution
UNUSED	function	xtrax.export.divergence.validate_probe_deps
UNUSED	class	xtrax.export.hf_weights.HFWeightsError
UNUSED	class	xtrax.export.hf_weights.LoadedWeights
UNUSED	class	xtrax.export.hf_weights.WeightReport
UNUSED	function	xtrax.export.hf_weights.load_hf_weights
UNUSED	class	xtrax.export.onnx.LeafParityResult
UNUSED	constant	xtrax.export.onnx.ONNX_OPSET
UNUSED	constant	xtrax.export.onnx.ONNX_RNG_OP_TYPES
UNUSED	class	xtrax.export.onnx.OnnxDtypeCensus
UNUSED	function	xtrax.export.onnx.convert_to_onnx
UNUSED	function	xtrax.export.onnx.find_onnx_rng_ops
UNUSED	function	xtrax.export.onnx.onnx_dtype_census
UNUSED	function	xtrax.export.onnx.run_onnx
UNUSED	function	xtrax.export.onnx.verify_onnx_parity
UNUSED	class	xtrax.export.parity.ParityResult
UNUSED	function	xtrax.export.parity.compare
UNUSED	function	xtrax.export.parity.verify_native_parity
UNUSED	class	xtrax.export.pipeline.ExportResult
UNUSED	function	xtrax.export.pipeline.export_pipeline
UNUSED	constant	xtrax.export.rings.BUCKET_LADDER
UNUSED	class	xtrax.export.rings.InputClassResult
UNUSED	function	xtrax.export.rings.magnitude_extremes
UNUSED	function	xtrax.export.rings.nominal
UNUSED	function	xtrax.export.rings.r0_replay_gate
UNUSED	function	xtrax.export.rings.r1_target_isa
UNUSED	function	xtrax.export.rings.r2a_fusion
UNUSED	function	xtrax.export.rings.r2b_lowering
UNUSED	function	xtrax.export.rings.r3_probe
UNUSED	function	xtrax.export.rings.recover_probe_names
UNUSED	function	xtrax.export.rings.run_ladder
UNUSED	function	xtrax.export.rings.sub_k_neighbours
UNUSED	function	xtrax.export.rings.symmetric_geometry
UNUSED	class	xtrax.export.safety.DtypeNotSupportedError
UNUSED	class	xtrax.export.safety.ExportBlocker
UNUSED	class	xtrax.export.safety.ExportSafetyError
UNUSED	class	xtrax.export.safety.UnsupportedOperationError
TESTS/SCRIPTS	function	xtrax.export.safety.check_export_safety
UNUSED	function	xtrax.export.safety.dtype_name
UNUSED	function	xtrax.export.safety.find_bcoo_leaves
UNUSED	function	xtrax.export.safety.validate_export_safe
UNUSED	constant	xtrax.export.spirv.SPIRV_MAGIC_BE
UNUSED	constant	xtrax.export.spirv.SPIRV_MAGIC_LE
UNUSED	class	xtrax.export.spirv.SpirvValidationResult
UNUSED	function	xtrax.export.spirv.is_spirv
UNUSED	function	xtrax.export.spirv.spirv_binaries_in
UNUSED	constant	xtrax.export.targets.ALL_TARGETS
UNUSED	class	xtrax.export.targets.Backend
UNUSED	constant	xtrax.export.targets.IREE_TARGETS
UNUSED	constant	xtrax.export.targets.METAL_SPIRV
TESTS/SCRIPTS	constant	xtrax.export.targets.NATIVE
UNUSED	constant	xtrax.export.targets.NATIVE_PORTABLE
UNUSED	constant	xtrax.export.targets.ONNX
UNUSED	class	xtrax.export.targets.Target
UNUSED	constant	xtrax.export.targets.VULKAN_SPIRV
UNUSED	class	xtrax.export.targets.VerificationLevel
TESTS/SCRIPTS	constant	xtrax.export.targets.WASM32
UNUSED	function	xtrax.export.targets.target_by_name
UNUSED	class	xtrax.findings.AuditFinding
UNUSED	constant	xtrax.findings.SCHEMA_VERSION
UNUSED	class	xtrax.findings.SchemaVersionMismatchError
UNUSED	function	xtrax.findings.append_finding
UNUSED	function	xtrax.findings.assert_schema_version_compatible
UNUSED	function	xtrax.findings.compute_finding_id
UNUSED	function	xtrax.findings.emit_judgment_finding
UNUSED	function	xtrax.findings.emit_metric_finding
UNUSED	function	xtrax.findings.finding_from_dict
UNUSED	function	xtrax.findings.finding_to_dict
UNUSED	function	xtrax.findings.round_trip_finding
UNUSED	function	xtrax.jaxlint_runner.file_line
UNUSED	function	xtrax.jaxlint_runner.map_severity
UNUSED	function	xtrax.jaxlint_runner.run_jaxlint_json
UNUSED	function	xtrax.loop.admission.admit_candidate
UNUSED	class	xtrax.loop.attestation_evidence_gate.EvidenceAdmissionInputError
UNUSED	class	xtrax.loop.attestation_evidence_gate.EvidenceAdmissionResult
UNUSED	class	xtrax.loop.attestation_evidence_gate.EvidenceCandidate
UNUSED	class	xtrax.loop.attestation_evidence_gate.ExcludedRun
UNUSED	function	xtrax.loop.attestation_evidence_gate.admit_evidence
UNUSED	class	xtrax.loop.campaign_approval_gate.ApprovalExpiredError
UNUSED	class	xtrax.loop.campaign_approval_gate.CampaignNotApprovedError
UNUSED	constant	xtrax.loop.campaign_approval_gate.DEFAULT_GATES_TOML
UNUSED	class	xtrax.loop.campaign_approval_gate.GateEntry
UNUSED	class	xtrax.loop.campaign_approval_gate.NoMatchingApprovalError
UNUSED	function	xtrax.loop.campaign_approval_gate.assert_campaign_approved
UNUSED	class	xtrax.loop.candidate_smoke.CandidateSmokeError
UNUSED	class	xtrax.loop.candidate_smoke.CandidateSmokeFailedError
UNUSED	class	xtrax.loop.candidate_smoke.CandidateSmokeTimeoutError
UNUSED	function	xtrax.loop.candidate_smoke.assert_candidate_smoke
UNUSED	class	xtrax.loop.candidate_static.CandidateStaticFailure
UNUSED	class	xtrax.loop.candidate_static.CandidateStaticGateError
UNUSED	class	xtrax.loop.candidate_static.CandidateStaticResult
UNUSED	function	xtrax.loop.candidate_static.assert_candidate_static
UNUSED	function	xtrax.loop.candidate_static.check_candidate_static
UNUSED	class	xtrax.loop.capability_probe_gate.CapabilityNotLiveError
UNUSED	class	xtrax.loop.capability_probe_gate.CapabilityProbeInputError
UNUSED	class	xtrax.loop.capability_probe_gate.CapabilityProbeResult
UNUSED	function	xtrax.loop.capability_probe_gate.assert_capability_live
UNUSED	class	xtrax.loop.checkified_execution.CheckifiedExecutionError
UNUSED	function	xtrax.loop.checkified_execution.assert_checkified_execution
UNUSED	class	xtrax.loop.closure_lock.ClosureHashMismatchError
UNUSED	class	xtrax.loop.closure_lock.ClosureManifest
UNUSED	class	xtrax.loop.closure_lock.EvaluatorClosureDriftError
UNUSED	class	xtrax.loop.closure_lock.ProtectedPathMutatedError
UNUSED	class	xtrax.loop.closure_lock.UnlistedReadError
UNUSED	function	xtrax.loop.closure_lock.build_closure_manifest
UNUSED	function	xtrax.loop.closure_lock.guarded_evaluate
UNUSED	function	xtrax.loop.closure_lock.track_reads
UNUSED	function	xtrax.loop.closure_lock.verify_closure
UNUSED	class	xtrax.loop.compile_time_clock.CompileTimeClockError
UNUSED	class	xtrax.loop.compile_time_clock.CompileTimeRegressionError
UNUSED	class	xtrax.loop.compile_time_clock.TwoPhaseTiming
UNUSED	function	xtrax.loop.compile_time_clock.assert_no_compile_time_regression
UNUSED	function	xtrax.loop.compile_time_clock.measure_two_phase_timing
UNUSED	function	xtrax.loop.compile_time_clock.rolling_median
UNUSED	class	xtrax.loop.diversity_quota.DiversityQuotaDecision
UNUSED	class	xtrax.loop.diversity_quota.DiversityQuotaInputError
UNUSED	function	xtrax.loop.diversity_quota.assert_diversity_quota
UNUSED	function	xtrax.loop.diversity_quota.is_structural_mutation
UNUSED	class	xtrax.loop.evaluator_change_gate.ApprovalExpiredError
UNUSED	constant	xtrax.loop.evaluator_change_gate.DEFAULT_GATES_TOML
UNUSED	class	xtrax.loop.evaluator_change_gate.EvaluatorChangeNotApprovedError
UNUSED	class	xtrax.loop.evaluator_change_gate.NoMatchingApprovalError
UNUSED	function	xtrax.loop.evaluator_change_gate.assert_evaluator_change_approved
UNUSED	class	xtrax.loop.evaluator_completeness.EvaluatorCompletenessError
UNUSED	class	xtrax.loop.evaluator_completeness.Invariant
UNUSED	class	xtrax.loop.evaluator_completeness.InvariantManifest
UNUSED	class	xtrax.loop.evaluator_completeness.InvariantManifestStaleError
UNUSED	class	xtrax.loop.evaluator_completeness.InvariantViolationError
UNUSED	class	xtrax.loop.evaluator_completeness.SyntheticGroundTruthCase
UNUSED	class	xtrax.loop.evaluator_completeness.SyntheticSanityCheckFailedError
UNUSED	function	xtrax.loop.evaluator_completeness.assert_evaluator_completeness
UNUSED	function	xtrax.loop.evaluator_completeness.run_synthetic_sanity_check
UNUSED	class	xtrax.loop.external_stop_watchdog.WatchdogAlreadyStoppedError
UNUSED	class	xtrax.loop.external_stop_watchdog.WatchdogCriteria
UNUSED	class	xtrax.loop.external_stop_watchdog.WatchdogError
UNUSED	class	xtrax.loop.external_stop_watchdog.WatchdogHandle
UNUSED	function	xtrax.loop.external_stop_watchdog.start_watchdog
UNUSED	constant	xtrax.loop.info_barrier_lint.DEFAULT_DELTA_POLICY
UNUSED	class	xtrax.loop.info_barrier_lint.DeltaExposurePolicy
UNUSED	class	xtrax.loop.info_barrier_lint.FitnessDeltaExposureError
UNUSED	class	xtrax.loop.info_barrier_lint.InfoBarrierViolationError
UNUSED	class	xtrax.loop.info_barrier_lint.NonWhitelistedFieldError
UNUSED	constant	xtrax.loop.info_barrier_lint.PER_SPLIT_FIELD_NAMES
UNUSED	constant	xtrax.loop.info_barrier_lint.PER_SPLIT_PREFIXES
UNUSED	class	xtrax.loop.info_barrier_lint.PerSplitGranularityError
UNUSED	constant	xtrax.loop.info_barrier_lint.RAW_LOG_FIELD_NAMES
UNUSED	class	xtrax.loop.info_barrier_lint.RawLogPathExposedError
UNUSED	constant	xtrax.loop.info_barrier_lint.SANCTIONED_FIELDS
UNUSED	class	xtrax.loop.info_barrier_lint.SanctionedEnvelope
UNUSED	function	xtrax.loop.info_barrier_lint.build_sanctioned_envelope
UNUSED	function	xtrax.loop.info_barrier_lint.lint_agent_envelope
UNUSED	class	xtrax.loop.metrics_provenance.MetricsProvenanceRecord
UNUSED	class	xtrax.loop.metrics_provenance.UnprovenancedMetricsError
UNUSED	function	xtrax.loop.metrics_provenance.build_metrics_provenance_attestation_toml
UNUSED	function	xtrax.loop.metrics_provenance.evaluate_with_provenance
UNUSED	function	xtrax.loop.metrics_provenance.verify_metrics_provenance
UNUSED	function	xtrax.loop.metrics_provenance.write_metrics_provenance_attestation
UNUSED	class	xtrax.loop.multi_metric_ratchet.RatchetDecision
UNUSED	class	xtrax.loop.multi_metric_ratchet.RatchetInputError
UNUSED	function	xtrax.loop.multi_metric_ratchet.compute_ratchet_decision
UNUSED	class	xtrax.loop.prereg_match.GateErrorPayload
UNUSED	class	xtrax.loop.prereg_match.PreregMatchError
UNUSED	class	xtrax.loop.prereg_match.PreregSidecar
UNUSED	class	xtrax.loop.prereg_match.RunConfig
UNUSED	function	xtrax.loop.prereg_match.assert_prereg_match
UNUSED	class	xtrax.loop.promotion_gate.ApprovalExpiredError
UNUSED	constant	xtrax.loop.promotion_gate.DEFAULT_GATES_TOML
UNUSED	class	xtrax.loop.promotion_gate.GateEntry
UNUSED	class	xtrax.loop.promotion_gate.NoMatchingApprovalError
UNUSED	class	xtrax.loop.promotion_gate.PromotionNotApprovedError
UNUSED	function	xtrax.loop.promotion_gate.assert_promotion_approved
UNUSED	class	xtrax.loop.ratchet_crash_atomicity.CommitCreationError
UNUSED	class	xtrax.loop.ratchet_crash_atomicity.RatchetCrashAtomicityError
UNUSED	class	xtrax.loop.ratchet_crash_atomicity.RefUpdateConflictError
UNUSED	function	xtrax.loop.ratchet_crash_atomicity.advance_best_so_far
UNUSED	function	xtrax.loop.ratchet_crash_atomicity.create_pending_commit
UNUSED	function	xtrax.loop.ratchet_crash_atomicity.read_best_so_far
UNUSED	function	xtrax.loop.ratchet_crash_atomicity.reset_worktree_to_best_so_far
UNUSED	class	xtrax.loop.schema_gate.CandidateResolutionError
UNUSED	class	xtrax.loop.schema_gate.SchemaGateError
UNUSED	class	xtrax.loop.schema_gate.SchemaMismatchError
UNUSED	function	xtrax.loop.schema_gate.assert_schema_gate
UNUSED	function	xtrax.loop.schema_gate.resolve_candidate_callable
UNUSED	class	xtrax.loop.scope_expansion_gate.ApprovalExpiredError
UNUSED	constant	xtrax.loop.scope_expansion_gate.DEFAULT_GATES_TOML
UNUSED	class	xtrax.loop.scope_expansion_gate.NoMatchingApprovalError
UNUSED	class	xtrax.loop.scope_expansion_gate.ScopeExpansionNotApprovedError
UNUSED	function	xtrax.loop.scope_expansion_gate.assert_scope_expansion_approved
UNUSED	constant	xtrax.loop.seed_gate.MIN_SEEDS
UNUSED	constant	xtrax.loop.seed_gate.MIN_TRIALS
UNUSED	class	xtrax.loop.seed_gate.SeedGateInputError
UNUSED	class	xtrax.loop.seed_gate.SeedTrialCounts
UNUSED	class	xtrax.loop.seed_gate.SeedTrialFloorDecision
UNUSED	function	xtrax.loop.seed_gate.assess_seed_trial_floor
UNUSED	class	xtrax.loop.sidecar_drift_gate.SidecarDriftDecision
UNUSED	class	xtrax.loop.sidecar_drift_gate.SidecarDriftGateInputError
UNUSED	class	xtrax.loop.sidecar_drift_gate.SidecarDriftSignal
UNUSED	class	xtrax.loop.sidecar_drift_gate.SidecarHashMismatchError
UNUSED	function	xtrax.loop.sidecar_drift_gate.assert_sidecar_drift_reaction
UNUSED	class	xtrax.loop.stats_battery_gate.BathosStatsBatteryVerdict
UNUSED	class	xtrax.loop.stats_battery_gate.ConcludeStatsDecision
UNUSED	class	xtrax.loop.stats_battery_gate.StatsBatteryGateInputError
UNUSED	function	xtrax.loop.stats_battery_gate.assess_stats_battery_verdict
UNUSED	function	xtrax.loop.structure_tripwire.assert_structure_tripwire
UNUSED	class	xtrax.profiling.bench.BenchRecordPlan
UNUSED	constant	xtrax.profiling.bench.DECLARATION_N_ATOMS_KEY
UNUSED	constant	xtrax.profiling.bench.DECLARATION_STAGE_KEY
UNUSED	function	xtrax.profiling.bench.bench_metrics_from_stats
UNUSED	function	xtrax.profiling.bench.build_bench_record_plan
UNUSED	function	xtrax.profiling.bench.check_probe_id_collision
UNUSED	function	xtrax.profiling.bench.parse_bench_extra_info
UNUSED	function	xtrax.profiling.bench.record_from_plan
UNUSED	function	xtrax.profiling.bench.sanitize_bench_fullname
UNUSED	constant	xtrax.profiling.claims.CONTRACT_VERSION
TESTS/SCRIPTS	class	xtrax.profiling.claims.ClaimClass
TESTS/SCRIPTS	class	xtrax.profiling.claims.ClaimValidityError
UNUSED	constant	xtrax.profiling.claims.REQUIRED_METRICS
UNUSED	constant	xtrax.profiling.claims.SCALE_EXTRAPOLATION_LIMIT
TESTS/SCRIPTS	function	xtrax.profiling.claims.assert_claim_supported
TESTS/SCRIPTS	function	xtrax.profiling.claims.paired_configs
UNUSED	function	xtrax.profiling.claims.permitted_claims
UNUSED	function	xtrax.profiling.claims.select_sources
UNUSED	constant	xtrax.profiling.emitters.ATTRIBUTION_NAMED_SCOPE
UNUSED	constant	xtrax.profiling.emitters.ATTRIBUTION_OP_NAME
UNUSED	function	xtrax.profiling.emitters.attribution_from_scopes
UNUSED	function	xtrax.profiling.emitters.emit_probe_record
UNUSED	function	xtrax.profiling.emitters.probe_record_field_names
UNUSED	constant	xtrax.profiling.loop_scaling.DEFAULT_RATIO_THRESHOLD
UNUSED	class	xtrax.profiling.loop_scaling.ExtentScalingReport
UNUSED	class	xtrax.profiling.loop_scaling.LoopBody
UNUSED	class	xtrax.profiling.loop_scaling.LoopStructureMismatchError
UNUSED	class	xtrax.profiling.loop_scaling.ScalingFinding
UNUSED	function	xtrax.profiling.loop_scaling.extent_scaling_report
UNUSED	function	xtrax.profiling.loop_scaling.loop_bodies
TESTS/SCRIPTS	class	xtrax.profiling.record.ProbeRecord
UNUSED	function	xtrax.profiling.report.discover_records
UNUSED	function	xtrax.profiling.report.main
UNUSED	function	xtrax.profiling.report.render_report
TESTS/SCRIPTS	function	xtrax.profiling.trace.parse_dispatch_counts
TESTS/SCRIPTS	function	xtrax.profiling.trace.parse_hlo_op_times
UNUSED	function	xtrax.profiling.trace.parse_scopes
UNUSED	function	xtrax.profiling.trace.scope_map_from_hlo_text
UNUSED	class	xtrax.safety.manager.SafetyManager
UNUSED	function	xtrax.safety.manager.with_safety
UNUSED	function	xtrax.safety.ops.safe_norm
UNUSED	function	xtrax.safety.ops.safe_reciprocal
UNUSED	class	xtrax.safety.preemption.PreemptionHandler
UNUSED	class	xtrax.telemetry.callback.TelemetryCallback
UNUSED	class	xtrax.telemetry.claims.UnrecordedRunError
UNUSED	function	xtrax.telemetry.claims.assert_run_citable
UNUSED	function	xtrax.telemetry.claims.filter_citable
UNUSED	function	xtrax.telemetry.claims.run_is_citable
UNUSED	constant	xtrax.telemetry.compact.ARCHIVE_DIRNAME
UNUSED	constant	xtrax.telemetry.compact.COMPACTION_THRESHOLD
UNUSED	class	xtrax.telemetry.compact.CompactResult
UNUSED	function	xtrax.telemetry.compact.compact_ledger
UNUSED	function	xtrax.telemetry.compact.should_compact
UNUSED	function	xtrax.telemetry.compact.verify_ledger
UNUSED	constant	xtrax.telemetry.ir.CAPTURE_FULL
UNUSED	constant	xtrax.telemetry.ir.CAPTURE_FULL_OPTIMIZED
UNUSED	constant	xtrax.telemetry.ir.CAPTURE_HASH
UNUSED	constant	xtrax.telemetry.ir.CAPTURE_NONE
UNUSED	constant	xtrax.telemetry.ir.DEFAULT_MAX_IR_BYTES
UNUSED	class	xtrax.telemetry.ir.IRCaptureMode
UNUSED	constant	xtrax.telemetry.ir.IR_KIND_JAXPR
UNUSED	constant	xtrax.telemetry.ir.IR_KIND_OPTIMIZED_HLO
UNUSED	constant	xtrax.telemetry.ir.IR_KIND_STABLEHLO
UNUSED	function	xtrax.telemetry.ir.capture_ir
UNUSED	function	xtrax.telemetry.ir.degraded_reason
UNUSED	function	xtrax.telemetry.ir.resolve_capture_mode
UNUSED	constant	xtrax.telemetry.ledger.BLOBS_DIRNAME
UNUSED	constant	xtrax.telemetry.ledger.DEFAULT_LEDGER_ROOT
UNUSED	class	xtrax.telemetry.ledger.LedgerUnavailableError
UNUSED	constant	xtrax.telemetry.ledger.MAX_SEGMENT_BYTES
UNUSED	class	xtrax.telemetry.ledger.RunLedger
UNUSED	constant	xtrax.telemetry.ledger.SEALED_DIRNAME
UNUSED	constant	xtrax.telemetry.ledger.SEGMENTS_DIRNAME
UNUSED	function	xtrax.telemetry.ledger.blobs_dir
UNUSED	function	xtrax.telemetry.ledger.find_run
UNUSED	function	xtrax.telemetry.ledger.iter_rows
UNUSED	function	xtrax.telemetry.ledger.resolve_root
UNUSED	constant	xtrax.telemetry.migrate.MIN_SUPPORTED_VERSION
UNUSED	function	xtrax.telemetry.migrate.migration_chain_is_complete
UNUSED	function	xtrax.telemetry.migrate.read_row_upgrading
UNUSED	function	xtrax.telemetry.migrate.upgrade_row
UNUSED	class	xtrax.telemetry.record.IRRef
UNUSED	constant	xtrax.telemetry.record.IR_FULL
UNUSED	constant	xtrax.telemetry.record.IR_HASH_ONLY
UNUSED	constant	xtrax.telemetry.record.IR_SKIPPED
UNUSED	constant	xtrax.telemetry.record.KIND_EVAL
UNUSED	constant	xtrax.telemetry.record.KIND_EXPORT
UNUSED	constant	xtrax.telemetry.record.KIND_TRAIN
UNUSED	class	xtrax.telemetry.record.LedgerRecordError
UNUSED	constant	xtrax.telemetry.record.PROVENANCE_BUILTIN
UNUSED	constant	xtrax.telemetry.record.PROVENANCE_CISTERNAL
UNUSED	constant	xtrax.telemetry.record.PROVENANCE_DEGRADED
UNUSED	class	xtrax.telemetry.record.RunLedgerRecord
UNUSED	class	xtrax.telemetry.record.RunProvenance
UNUSED	constant	xtrax.telemetry.record.SCHEMA_VERSION
UNUSED	constant	xtrax.telemetry.record.STATUS_COMPLETE
UNUSED	constant	xtrax.telemetry.record.STATUS_DEGRADED
UNUSED	constant	xtrax.telemetry.record.STATUS_FAILED
UNUSED	constant	xtrax.telemetry.record.STATUS_OPTED_OUT
UNUSED	class	xtrax.telemetry.record.SchemaVersionMismatchError
UNUSED	function	xtrax.telemetry.record.telemetry_opted_out
UNUSED	class	xtrax.telemetry.store.BlobStore
UNUSED	class	xtrax.telemetry.store.BlobStoreError
UNUSED	constant	xtrax.telemetry.store.POPULATION_WARN_THRESHOLD
UNUSED	function	xtrax.telemetry.store.digest_of
UNUSED	constant	xtrax.tombstone.DEFAULT_TOMBSTONE_PATH
UNUSED	class	xtrax.tombstone.TombstoneEntry
UNUSED	function	xtrax.tombstone.append_tombstone
UNUSED	function	xtrax.tombstone.filter_tombstoned
UNUSED	function	xtrax.tombstone.is_tombstoned
UNUSED	function	xtrax.tombstone.load_tombstones
