SRC	function	xtrax.checkpoint.orbax.get_checkpoint_manager
SRC	function	xtrax.checkpoint.orbax.load_checkpoint
SRC	function	xtrax.checkpoint.orbax.save_checkpoint
UNUSED	class	xtrax.config.SchemaVersionStatus
UNUSED	function	xtrax.config.check_schema_version
UNUSED	function	xtrax.config.classify_schema_version
UNUSED	function	xtrax.config.load_toml_document
UNUSED	function	xtrax.config.require_field
UNUSED	function	xtrax.config.require_sections
TESTS/SCRIPTS	class	xtrax.data.module.DataModule
UNUSED	function	xtrax.data.pipeline.create_distributed_pipeline
UNUSED	class	xtrax.engine.engine.DataIterLike
SRC	class	xtrax.engine.engine.Engine
UNUSED	class	xtrax.engine.engine.TrainStepLike
UNUSED	class	xtrax.engine.io.BoundedCallbackHandler
UNUSED	constant	xtrax.engine.io.T
UNUSED	function	xtrax.engine.io.async_indexed_stream
UNUSED	class	xtrax.run.baseline_budget_emission.BaselineBudgetCounts
UNUSED	class	xtrax.run.baseline_budget_emission.BaselineBudgetCountsInputError
UNUSED	function	xtrax.run.baseline_budget_emission.baseline_budget_counts
UNUSED	class	xtrax.run.component_binding.ComponentSidecarBinding
UNUSED	class	xtrax.run.component_binding.ComponentSidecarFileMissingError
UNUSED	class	xtrax.run.component_binding.ComponentSidecarRefMissingError
UNUSED	function	xtrax.run.component_binding.component_sidecar_binding
UNUSED	class	xtrax.run.freshness.Attestation
UNUSED	class	xtrax.run.freshness.FreshnessVerdict
UNUSED	class	xtrax.run.freshness.ProbeResult
UNUSED	constant	xtrax.run.freshness.SKIP_PROBE_ENV_VAR
UNUSED	constant	xtrax.run.freshness.SKIP_TTL_ENV_VAR
UNUSED	function	xtrax.run.freshness.days_since
UNUSED	function	xtrax.run.freshness.evaluate_freshness
SRC	function	xtrax.run.ident.new_run_id
UNUSED	class	xtrax.run.repro_floor.ReproFloorResult
UNUSED	function	xtrax.run.repro_floor.build_repro_floor_attestation_toml
UNUSED	function	xtrax.run.repro_floor.repro_floor_freshness_attestation
UNUSED	function	xtrax.run.repro_floor.run_repro_floor
UNUSED	function	xtrax.run.repro_floor.toml_escape_basic_string
UNUSED	function	xtrax.run.repro_floor.toml_quote
UNUSED	function	xtrax.run.repro_floor.write_repro_floor_attestation
UNUSED	class	xtrax.run.resolver.InputResolver
UNUSED	class	xtrax.run.resolver.RuntimeBundle
UNUSED	class	xtrax.run.seed_emission.SeedAssignment
UNUSED	class	xtrax.run.seed_emission.SeedEmissionInputError
UNUSED	function	xtrax.run.seed_emission.seed_assignment
SRC	class	xtrax.run.sink.SinkSpec
SRC	function	xtrax.run.sink.derive_sink_spec
UNUSED	function	xtrax.run.sink.make_sink
SRC	class	xtrax.run.spec.RunSpec
SRC	function	xtrax.run.zarr_integrity.canonical_json_bytes
SRC	function	xtrax.run.zarr_integrity.fsync_directory
SRC	function	xtrax.run.zarr_integrity.fsync_file
SRC	function	xtrax.run.zarr_integrity.fsync_tree
UNUSED	function	xtrax.run.zarr_integrity.normalize_json_value
UNUSED	function	xtrax.run.zarr_integrity.update_array_digest
UNUSED	function	xtrax.run.zarr_integrity.update_zarr_node_digest
SRC	function	xtrax.run.zarr_integrity.zarr_content_digest
SRC	class	xtrax.run.zarr_sink.ZarrStagingSink
UNUSED	function	xtrax.training.grad.accumulate_grads
UNUSED	class	xtrax.training.loss.MultiTaskLoss
UNUSED	class	xtrax.training.loss.WeightedLoss
SRC	function	xtrax.training.optim.adamw_with_schedule
SRC	function	xtrax.training.optim.make_optimizer
UNUSED	function	xtrax.training.optim.no_bias_wd_mask
UNUSED	function	xtrax.training.optim.partition_labels
UNUSED	function	xtrax.training.state.init_state
UNUSED	class	xtrax.training.step.SafetyTrainStep
UNUSED	function	xtrax.training.step.create_train_step
UNUSED	class	xtrax.training.trainer.Trainer
UNUSED	class	xtrax.training.types.Callback
UNUSED	class	xtrax.training.types.LossFunction
SRC	class	xtrax.training.types.ResumableState
